Feature_1,Feature_2,Correlation
feat_3,feat_46,0.7775172869090632
feat_9,feat_64,0.7029513594531488
feat_15,feat_72,0.7646636230217453
feat_30,feat_84,0.7168618965266574
feat_39,feat_45,0.8241457123086415
